{
  "token_acc":1.0,
  "ents_p":0.7547743056,
  "ents_r":0.728529535,
  "ents_f":0.7414197399,
  "speed":4952.4666419494,
  "ents_per_type":{
    "group_name":{
      "p":0.7550306212,
      "r":0.7764282501,
      "f":0.7655799512
    },
    "software_name":{
      "p":0.5833333333,
      "r":0.0666666667,
      "f":0.1196581197
    },
    "technique_name":{
      "p":0.0,
      "r":0.0,
      "f":0.0
    },
    "tactic":{
      "p":1.0,
      "r":0.1621621622,
      "f":0.2790697674
    }
  }
}