,tp,fp,fn,recall,precision,f1,acc
0,9173.0,1920.0,84.0,0.9909257858917576,0.8269178761381051,0.9015233415233415,0.9909257858917576
