{
  "lang":"en",
  "name":"pipeline",
  "version":"0.0.0",
  "spacy_version":">=3.0.5,<3.1.0",
  "description":"",
  "author":"",
  "email":"",
  "url":"",
  "license":"",
  "spacy_git_version":"53a3b967a",
  "vectors":{
    "width":0,
    "vectors":0,
    "keys":0,
    "name":null
  },
  "labels":{
    "transformer":[

    ],
    "ner":[
      "group_name",
      "software_name",
      "tactic",
      "technique_name"
    ]
  },
  "pipeline":[
    "transformer",
    "ner"
  ],
  "components":[
    "transformer",
    "ner"
  ],
  "disabled":[

  ],
  "performance":{
    "ents_per_type":{
      "software_name":{
        "p":0.0647209185,
        "r":0.8847200344,
        "f":0.120618124
      },
      "technique_name":{
        "p":0.9324874312,
        "r":0.6465803453,
        "f":0.7636506225
      },
      "tactic":{
        "p":0.9177392278,
        "r":0.9677419355,
        "f":0.9420775491
      },
      "group_name":{
        "p":0.6812944764,
        "r":0.773417965,
        "f":0.7244392397
      }
    },
    "ents_f":0.2833976719,
    "ents_p":0.1714579426,
    "ents_r":0.8164018892,
    "transformer_loss":117.5168406169,
    "ner_loss":4183.4977198228
  }
}