{
  "token_acc":1.0,
  "ents_p":0.9401819923,
  "ents_r":0.8428939459,
  "ents_f":0.8888838578,
  "speed":23964.7250693126,
  "ents_per_type":{
    "technique_name":{
      "p":0.9797108209,
      "r":0.697377158,
      "f":0.8147788984
    },
    "tactic":{
      "p":0.9105661073,
      "r":0.9712824548,
      "f":0.9399447987
    },
    "software_name":{
      "p":0.9287282306,
      "r":0.908778462,
      "f":0.9186450492
    },
    "group_name":{
      "p":0.9561808118,
      "r":0.7974610502,
      "f":0.8696381751
    }
  }
}