,tp,fp,fn,recall,precision,f1,acc
0,6678.0,42.0,94.0,0.9861193148257531,0.99375,0.9899199525644827,0.9861193148257531
