{
  "token_acc":1.0,
  "ents_p":0.1714579426,
  "ents_r":0.8164018892,
  "ents_f":0.2833976719,
  "speed":319.8491704042,
  "ents_per_type":{
    "software_name":{
      "p":0.0647209185,
      "r":0.8847200344,
      "f":0.120618124
    },
    "technique_name":{
      "p":0.9324874312,
      "r":0.6465803453,
      "f":0.7636506225
    },
    "tactic":{
      "p":0.9177392278,
      "r":0.9677419355,
      "f":0.9420775491
    },
    "group_name":{
      "p":0.6812944764,
      "r":0.773417965,
      "f":0.7244392397
    }
  }
}