,tp,fp,fn,recall,precision,f1,acc
0,6648.0,169.0,127.0,0.9812546125461254,0.9752090362329471,0.9782224838140082,0.9812546125461254
