{
  "lang":"en",
  "name":"pipeline",
  "version":"0.0.0",
  "spacy_version":">=3.0.5,<3.1.0",
  "description":"",
  "author":"",
  "email":"",
  "url":"",
  "license":"",
  "spacy_git_version":"53a3b967a",
  "vectors":{
    "width":0,
    "vectors":0,
    "keys":0,
    "name":null
  },
  "labels":{
    "tok2vec":[

    ],
    "ner":[
      "group_name",
      "software_name",
      "tactic",
      "technique_name"
    ]
  },
  "pipeline":[
    "tok2vec",
    "ner"
  ],
  "components":[
    "tok2vec",
    "ner"
  ],
  "disabled":[

  ],
  "performance":{
    "ents_per_type":{
      "technique_name":{
        "p":0.9797108209,
        "r":0.697377158,
        "f":0.8147788984
      },
      "tactic":{
        "p":0.9105661073,
        "r":0.9712824548,
        "f":0.9399447987
      },
      "software_name":{
        "p":0.9287282306,
        "r":0.908778462,
        "f":0.9186450492
      },
      "group_name":{
        "p":0.9561808118,
        "r":0.7974610502,
        "f":0.8696381751
      }
    },
    "ents_f":0.8888838578,
    "ents_p":0.9401819923,
    "ents_r":0.8428939459,
    "tok2vec_loss":25926.8707290884,
    "ner_loss":109.5148663288
  }
}