{
  "token_acc":1.0,
  "ents_p":0.8869979578,
  "ents_r":0.5458734814,
  "ents_f":0.6758298755,
  "speed":24656.5402138961,
  "ents_per_type":{
    "group_name":{
      "p":0.8876021798,
      "r":0.5861448493,
      "f":0.7060417231
    },
    "software_name":{
      "p":0.0,
      "r":0.0,
      "f":0.0
    },
    "technique_name":{
      "p":0.0,
      "r":0.0,
      "f":0.0
    },
    "tactic":{
      "p":0.0,
      "r":0.0,
      "f":0.0
    }
  }
}