,tp,fp,fn,recall,precision,f1,acc
0,9050.0,514.0,204.0,0.9779554787119084,0.9462567963195315,0.9618450419810819,0.9779554787119084
