{
  "lang":"en",
  "name":"pipeline",
  "version":"0.0.0",
  "spacy_version":">=3.0.5,<3.1.0",
  "description":"",
  "author":"",
  "email":"",
  "url":"",
  "license":"",
  "spacy_git_version":"53a3b967a",
  "vectors":{
    "width":0,
    "vectors":0,
    "keys":0,
    "name":null
  },
  "labels":{
    "tok2vec":[

    ],
    "ner":[
      "group_name",
      "software_name",
      "tactic",
      "technique_name"
    ]
  },
  "pipeline":[
    "tok2vec",
    "ner"
  ],
  "components":[
    "tok2vec",
    "ner"
  ],
  "disabled":[

  ],
  "performance":{
    "ents_per_type":{
      "technique_name":{
        "p":0.9410239793,
        "r":0.7231075697,
        "f":0.8177978034
      },
      "tactic":{
        "p":0.8823007279,
        "r":0.9775767113,
        "f":0.9274983671
      },
      "software_name":{
        "p":0.8562834225,
        "r":0.9172275526,
        "f":0.8857083593
      },
      "group_name":{
        "p":0.8295801527,
        "r":0.8361223312,
        "f":0.8328383945
      }
    },
    "ents_f":0.8678250346,
    "ents_p":0.8736402402,
    "ents_r":0.8620867325,
    "tok2vec_loss":45490.1328331124,
    "ner_loss":92.3638567385
  }
}